"","geoid","place","x2010_total","x2010_white","x2010_black","x2010_native_am","x2010_asian","x2010_pac_islander","x2010_hispanic","x2020_total","x2020_white","x2020_black","x2020_native_am","x2020_asian","x2020_pac_islander","x2020_hispanic"
"1","2400125","Aberdeen city",14920,8926,4503,19,349,0,657,15904,9499,3728,43,681,0,1767
"2","2400175","Aberdeen Proving Ground CDP",3558,1877,1035,0,47,0,586,2724,1268,1125,19,72,0,344
"3","2400225","Accident town",323,313,0,0,0,0,2,368,362,1,1,1,0,21
"4","2400250","Accokeek CDP",10513,2430,7108,0,420,0,754,11590,2862,6713,23,642,0,377
"5","2400350","Adamstown CDP",2134,1773,39,0,47,0,250,2130,1825,186,0,77,0,57
"6","2400400","Adelphi CDP",15040,4414,5897,101,1102,0,5589,16364,2672,5100,16,1002,0,8418
"7","2400712","Algonquin CDP",1130,1085,45,0,0,0,0,1110,886,38,0,0,0,148
"8","2400800","Allen CDP",297,270,27,0,0,0,0,419,419,0,0,0,0,0
"9","2401450","Andrews AFB CDP",2719,1794,517,0,115,0,379,3316,1898,851,0,95,0,633
"10","2401600","Annapolis city",37825,25596,8788,48,899,0,5887,39321,24060,8270,46,840,0,7901
"11","2401635","Annapolis Neck CDP",11105,9435,995,0,74,0,904,13049,11168,1203,0,49,0,535
"12","2401750","Antietam CDP",120,120,0,0,0,0,0,45,45,0,0,0,0,0
"13","2401925","Aquasco CDP",836,341,495,0,0,0,0,819,256,276,0,7,0,33
"14","2401975","Arbutus CDP",20406,15356,2770,88,1356,0,576,19267,14710,1202,58,1987,42,793
"15","2402025","Arden on the Severn CDP",1921,1705,110,0,26,0,0,1457,1203,16,0,0,0,213
"16","2402275","Arnold CDP",22483,19720,998,28,748,92,813,24334,20816,1243,0,786,0,1941
"17","2402762","Ashton-Sandy Spring CDP",5350,4272,590,0,353,0,319,6239,4090,854,0,632,0,1003
"18","2402825","Aspen Hill CDP",47023,23295,11070,145,5184,0,10280,53869,23588,9434,464,5915,0,18635
"19","2403500","Baden CDP",2269,1441,762,0,7,0,88,1574,898,598,0,0,0,34
"20","2403514","Bagtown CDP",361,361,0,0,0,0,0,400,391,0,0,0,0,0
"21","2403575","Bakersville CDP",0,0,0,0,0,0,0,0,0,0,0,0,0,0
"22","2403800","Ballenger Creek CDP",19137,12804,2688,147,1200,0,2719,21484,14114,4084,86,1504,36,3141
"23","2404000","Baltimore city",620538,186424,399121,2210,13991,126,22812,602274,178996,375002,1855,14954,179,32627
"24","2404050","Baltimore Highlands CDP",7319,4890,1592,14,232,17,960,7880,4503,2108,0,490,0,937
"25","2404250","Barclay town",168,165,0,0,0,0,3,239,85,67,0,0,0,87
"26","2404475","Barnesville town",138,126,4,0,2,0,2,163,163,0,0,0,0,22
"27","2404525","Barrelville CDP",0,0,0,0,0,0,0,44,44,0,0,0,0,0
"28","2404625","Barton town",399,390,4,0,2,0,7,510,510,0,0,0,0,0
"29","2404650","Bartonsville CDP",1298,1192,42,0,64,0,82,1786,1540,70,3,95,74,77
"30","2405250","Beaver Creek CDP",183,183,0,0,0,0,0,539,405,82,0,24,0,28
"31","2405525","Bel Air CDP",1097,907,0,0,0,0,145,1504,1377,0,0,93,0,0
"32","2405550","Bel Air town",10167,9132,392,20,86,0,583,10102,8785,422,43,305,0,723
"33","2405825","Bel Air North CDP",29172,26828,901,129,738,0,1113,30639,27590,1135,61,586,0,597
"34","2405950","Bel Air South CDP",45769,40572,2853,235,1125,15,1349,55024,44793,5062,70,2510,0,2642
"35","2406400","Beltsville CDP",15444,5961,5298,14,1756,30,3511,17922,5704,5502,26,2105,9,5809
"36","2406550","Benedict CDP",244,228,16,0,0,0,0,181,141,0,0,0,0,0
"37","2406615","Bensville CDP",11693,6518,4196,54,512,0,553,NA,NA,NA,NA,NA,NA,NA
"38","2406800","Berlin town",4358,3332,825,0,39,123,565,4740,3806,745,2,33,0,176
"39","2406925","Berwyn Heights town",3102,2034,447,19,195,25,770,3256,1825,319,0,297,0,1347
"40","2407125","Bethesda CDP",58537,49426,1879,50,5305,41,3498,65092,50634,3067,108,6989,9,5914
"41","2407200","Betterton town",450,397,4,0,0,0,19,412,356,35,0,0,0,16
"42","2407285","Bier CDP",379,333,46,0,0,0,0,224,224,0,0,0,0,0
"43","2407375","Big Pool CDP",22,22,0,0,0,0,0,85,85,0,0,0,0,0
"44","2407400","Big Spring CDP",90,90,0,0,0,0,0,50,50,0,0,0,0,0
"45","2407625","Bishopville CDP",452,423,29,0,0,0,0,634,609,19,0,6,0,0
"46","2407675","Bivalve CDP",181,181,0,0,0,0,0,122,55,0,0,67,0,0
"47","2407850","Bladensburg town",8918,1729,5949,15,275,0,2272,9428,808,6409,0,126,0,2522
"48","2408050","Bloomington CDP",335,335,0,0,0,0,0,152,127,0,0,25,0,0
"49","2408625","Boonsboro town",3273,3220,25,0,13,0,123,3594,3222,148,8,0,0,124
"50","2408775","Bowie city",54314,23840,25220,121,2240,6,3380,58158,18565,32784,126,2239,0,4340
"51","2408800","Bowleys Quarters CDP",6607,5458,926,0,52,0,148,6422,5230,630,4,348,0,118
"52","2408850","Bowling Green CDP",1110,1080,0,10,0,0,3,1289,1221,0,0,4,0,46
"53","2408862","Bowmans Addition CDP",515,515,0,0,0,0,0,669,659,0,0,0,0,0
"54","2409100","Braddock Heights CDP",2709,2700,9,0,0,0,121,3093,2916,3,5,115,0,219
"55","2409325","Brandywine CDP",6018,1561,4390,0,22,0,295,8990,1340,6767,92,176,46,490
"56","2409400","Breathedsville CDP",253,253,0,0,0,0,0,281,90,191,0,0,0,0
"57","2409500","Brentwood town",3037,1021,1222,0,17,0,1266,3443,594,1050,15,44,0,1995
"58","2410150","Brock Hall CDP",8153,868,6923,58,48,0,68,10926,534,9518,0,188,0,427
"59","2410225","Brookeville town",165,163,0,0,0,0,6,151,150,0,0,1,0,0
"60","2410475","Brooklyn Park CDP",14178,10304,2584,0,520,0,734,15163,9667,3085,153,315,35,1780
"61","2410500","Brookmont CDP",3626,3253,0,0,338,0,41,3925,3411,14,16,184,0,344
"62","2410575","Brookview town",58,58,0,0,0,0,21,51,44,4,0,0,0,0
"63","2410650","Broomes Island CDP",203,203,0,0,0,0,0,513,513,0,0,0,0,0
"64","2410800","Brownsville CDP",335,335,0,0,0,0,0,26,26,0,0,0,0,0
"65","2410900","Brunswick city",5770,4939,532,0,160,0,385,6364,5091,671,2,104,0,320
"66","2410925","Bryans Road CDP",7552,2844,4186,61,251,0,299,8198,1879,5260,59,242,0,616
"67","2410950","Bryantown CDP",662,434,83,0,0,0,0,464,369,84,0,0,0,11
"68","2411050","Buckeystown CDP",1361,1361,0,0,0,0,15,1289,1132,36,28,61,0,153
"69","2411400","Burkittsville town",140,140,0,0,0,0,0,167,161,0,0,0,0,4
"70","2411750","Burtonsville CDP",9233,2858,3551,61,1877,0,707,10812,2725,3772,40,3459,0,931
"71","2411900","Butlertown CDP",662,179,483,0,0,0,0,328,191,137,0,0,0,0
"72","2412075","Cabin John CDP",1963,1782,64,0,73,0,61,2276,1768,126,9,259,0,163
"73","2412150","California CDP",11970,8659,1962,126,467,0,984,14730,10261,2969,27,278,0,901
"74","2412300","Calvert Beach CDP",599,545,44,0,10,0,14,860,778,12,0,24,0,18
"75","2412350","Calverton CDP",17800,6333,6915,3,3213,0,1928,17034,4642,7292,0,3016,0,2958
"76","2412400","Cambridge city",12109,5640,5597,27,226,0,530,12300,5175,5487,4,242,0,867
"77","2412600","Camp Springs CDP",18770,2893,14592,27,310,0,945,21829,2407,17260,0,364,0,2201
"78","2412912","Cape St. Claire CDP",8670,8018,161,10,155,0,584,8405,7554,348,0,158,0,265
"79","2413000","Capitol Heights town",4298,249,3928,0,75,0,55,4505,298,3784,15,0,0,527
"80","2413225","Carlos CDP",99,99,0,0,0,0,0,58,58,0,0,0,0,0
"81","2413325","Carney CDP",27583,21978,3134,9,1635,0,1119,29624,20356,4961,61,3202,0,1032
"82","2414125","Catonsville CDP",41866,32635,6218,219,1753,14,918,41592,29416,6871,214,2950,6,1588
"83","2414225","Cavetown CDP",1297,1297,0,0,0,0,9,1104,1052,24,0,9,0,24
"84","2414300","Cearfoss CDP",137,137,0,0,0,0,0,115,55,0,0,60,0,0
"85","2414325","Cecilton town",433,396,37,0,0,0,11,901,741,139,16,0,0,38
"86","2414800","Cedarville CDP",876,691,185,0,0,0,0,577,419,118,15,5,0,11
"87","2414950","Centreville town",3937,3376,509,0,14,0,16,4829,4171,556,3,58,0,141
"88","2415075","Chance CDP",326,285,41,0,0,0,0,413,300,77,0,0,0,36
"89","2415400","Charlestown town",1119,1064,55,0,0,0,7,1530,1409,22,0,8,0,40
"90","2415475","Charlotte Hall CDP",1384,1008,325,0,31,0,83,1740,1326,311,0,25,0,1
"91","2415500","Charlton CDP",177,177,0,0,0,0,0,380,380,0,0,0,0,0
"92","2415925","Chesapeake Beach town",5396,4805,340,50,39,0,131,5996,4978,468,83,79,0,97
"93","2415950","Chesapeake City town",719,646,64,0,0,0,0,725,621,17,0,5,0,141
"94","2416050","Chesapeake Ranch Estates CDP",9735,8138,1126,0,128,0,202,9579,7614,1279,0,130,0,345
"95","2416125","Chester CDP",4142,3580,432,12,26,0,178,4319,3754,253,0,33,0,59
"96","2416225","Chestertown town",5162,3897,964,0,118,0,72,5073,3715,1079,0,176,0,135
"97","2416550","Cheverly town",6234,2104,3187,0,60,0,732,6439,2482,3030,0,375,0,392
"98","2416620","Chevy Chase town",2795,2617,32,0,35,0,127,2979,2588,32,7,113,0,111
"99","2416625","Chevy Chase CDP",9741,8719,341,23,518,0,798,9801,7900,919,24,347,0,635
"100","2416720","Chevy Chase Section Five village",735,711,0,0,0,0,45,757,704,7,0,11,0,48
"101","2416730","Chevy Chase Section Three village",711,654,14,0,23,0,45,900,783,9,2,30,0,16
"102","2416775","Chevy Chase View town",1010,971,6,0,23,0,18,1151,1059,8,0,33,0,100
"103","2416787","Chevy Chase Village town",2010,1922,0,7,46,0,35,1871,1762,13,16,19,3,60
"104","2416800","Chewsville CDP",91,91,0,0,0,0,0,301,301,0,0,0,0,0
"105","2416875","Chillum CDP",35034,4790,19048,128,267,32,14081,34230,3064,15223,223,622,0,16641
"106","2417000","Choptank CDP",118,118,0,0,0,0,0,30,30,0,0,0,0,0
"107","2417050","Church Creek town",91,91,0,0,0,0,0,75,73,0,0,0,0,0
"108","2417100","Church Hill town",551,475,65,0,6,0,4,866,697,73,0,2,0,74
"109","2417350","Clarksburg CDP",10543,4987,1216,10,3570,0,1089,26234,9042,4369,136,10227,0,2395
"110","2417475","Clarysville CDP",168,168,0,0,0,0,0,40,40,0,0,0,0,0
"111","2417600","Clear Spring town",466,457,0,0,0,0,47,486,411,3,0,49,0,39
"112","2417900","Clinton CDP",35985,4798,28767,17,718,0,1508,37765,2881,30679,256,1147,0,2456
"113","2418150","Cloverly CDP",15413,7620,3757,10,2905,0,1462,15915,6784,5169,0,2083,0,1794
"114","2418200","Cobb Island CDP",714,688,0,0,14,0,0,1119,1092,0,0,0,0,0
"115","2418250","Cockeysville CDP",19842,13284,2594,78,2588,0,1500,22602,13644,3999,66,2329,0,3411
"116","2418475","Colesville CDP",14198,6914,4605,10,1879,0,1649,14397,6171,4080,12,2469,10,2415
"117","2418750","College Park city",29596,19285,4200,42,3693,18,3082,32221,17305,5657,34,4585,0,5546
"118","2418850","Colmar Manor town",1383,325,488,0,122,0,555,1395,243,522,20,152,0,696
"119","2419125","Columbia CDP",98379,58686,24193,196,9994,10,7076,105412,53125,28991,476,13993,49,9948
"120","2419825","Coral Hills CDP",9653,780,8319,0,0,0,1063,9457,606,8020,5,22,0,1046
"121","2419900","Cordova CDP",543,532,0,0,0,0,0,551,478,73,0,0,0,0
"122","2419975","Corriganville CDP",499,476,0,0,0,0,0,619,560,20,0,0,0,0
"123","2420050","Cottage City town",1106,391,504,0,31,0,429,1150,188,371,24,55,16,541
"124","2420500","Crellin CDP",58,58,0,0,0,0,0,57,57,0,0,0,0,0
"125","2420525","Cresaptown CDP",3459,2737,697,0,0,0,29,5584,2827,2644,34,13,0,124
"126","2420775","Crisfield city",2756,1706,866,0,110,0,0,2572,1548,852,0,4,0,29
"127","2420875","Crofton CDP",27624,22436,2556,78,945,0,1176,29482,20219,4963,9,2200,0,2093
"128","2420925","Croom CDP",2296,1357,928,0,11,0,79,2353,1366,713,0,0,58,128
"129","2421075","Crownsville CDP",1926,1447,253,0,121,0,110,1473,1373,100,0,0,0,0
"130","2421325","Cumberland city",20927,18984,1135,12,201,0,228,19495,17512,1144,43,86,2,397
"131","2421475","Damascus CDP",15520,12401,1658,70,855,0,1456,17105,12856,1186,0,1068,0,2250
"132","2421550","Dames Quarter CDP",142,142,0,0,0,0,0,105,105,0,0,0,0,0
"133","2421675","Danville CDP",470,470,0,0,0,0,0,526,526,0,0,0,0,0
"134","2421750","Dargan CDP",293,293,0,0,0,0,0,202,202,0,0,0,0,0
"135","2421800","Darlington CDP",449,449,0,0,0,0,20,522,488,0,12,0,0,23
"136","2421825","Darnestown CDP",6502,4713,418,0,1015,0,177,6754,5021,320,3,1195,0,250
"137","2421925","Dawson CDP",179,179,0,0,0,0,0,52,52,0,0,0,0,0
"138","2422050","Deale CDP",4934,4548,100,0,0,19,148,4592,3934,280,37,69,0,171
"139","2422100","Deal Island CDP",456,414,42,0,0,0,0,316,292,8,0,0,0,0
"140","2422275","Deer Park town",371,354,0,4,4,0,0,332,332,0,0,0,0,0
"141","2422600","Delmar town",2834,1912,679,0,191,0,145,3321,1588,816,14,298,0,243
"142","2422725","Denton town",4204,3070,903,111,18,0,226,4488,2575,1485,0,26,0,172
"143","2422775","Derwood CDP",2136,1143,148,0,704,0,88,1644,917,93,16,417,10,253
"144","2422825","Detmold CDP",168,168,0,0,0,0,0,256,256,0,0,0,0,0
"145","2423025","District Heights city",5858,525,5202,12,0,0,79,5996,104,5494,0,19,7,349
"146","2423500","Downsville CDP",219,219,0,0,0,0,0,863,863,0,0,0,0,0
"147","2423700","Drum Point CDP",3324,2825,303,0,71,0,77,2534,2427,0,0,29,0,75
"148","2423975","Dundalk CDP",62444,52358,5726,309,1364,51,2729,63826,48059,9107,470,1816,32,5901
"149","2424062","Dunkirk CDP",2603,2355,114,0,56,0,0,NA,NA,NA,NA,NA,NA,NA
"150","2424200","Eagle Harbor town",19,0,17,0,0,0,0,42,8,34,0,0,0,2
"151","2424250","Eakles Mill CDP",0,0,0,0,0,0,0,0,0,0,0,0,0,0
"152","2424450","East New Market town",315,261,47,0,0,0,7,323,251,48,0,0,0,7
"153","2424475","Easton town",15310,11087,3172,14,200,74,1429,16589,12031,2385,52,327,0,1926
"154","2424650","East Riverdale CDP",15669,5533,6171,0,307,7,7876,16395,3900,4464,175,1091,0,9706
"155","2424825","Eckhart Mines CDP",1317,1295,15,0,0,0,0,512,512,0,0,0,0,0
"156","2424850","Eden CDP",839,367,385,0,0,0,66,846,310,502,34,0,0,7
"157","2424925","Edesville CDP",203,95,108,0,0,0,0,163,33,86,0,0,0,0
"158","2424950","Edgemere CDP",9053,8770,224,0,25,0,51,8652,8022,325,0,110,0,128
"159","2425000","Edgemont CDP",204,204,0,0,0,0,0,277,277,0,0,0,0,0
"160","2425050","Edgewater CDP",8692,7881,218,51,253,4,680,8850,8132,432,0,67,0,802
"161","2425150","Edgewood CDP",25391,12886,10549,38,642,0,1621,25065,10361,11736,7,402,0,2159
"162","2425425","Edmonston town",1328,566,362,0,12,0,624,1399,208,338,15,25,0,852
"163","2425575","Eldersburg CDP",31632,29146,1113,87,621,0,589,30550,26787,1347,23,1127,23,1207
"164","2425600","Eldorado town",102,102,0,0,0,0,3,76,63,13,0,0,0,0
"165","2425750","Elkridge CDP",13512,9073,2442,0,1381,40,1129,21778,9998,6571,0,3986,0,1569
"166","2425800","Elkton town",15029,11624,1906,75,696,26,721,15653,11542,2464,0,282,0,1483
"167","2425925","Ellerslie CDP",351,327,2,0,0,0,0,629,626,0,0,0,0,3
"168","2426000","Ellicott City CDP",64970,43872,5586,106,13487,10,2050,73272,41122,6368,181,21245,19,2625
"169","2426025","Elliott CDP",32,32,0,0,0,0,0,38,38,0,0,0,0,0
"170","2426200","Emmitsburg town",2749,2613,62,0,0,0,31,3156,2825,245,0,0,0,163
"171","2426550","Ernstville CDP",0,0,0,0,0,0,0,25,25,0,0,0,0,0
"172","2426600","Essex CDP",38790,26479,10169,88,558,0,2065,39307,23764,12989,45,580,0,1745
"173","2427250","Fairland CDP",23086,5552,11452,174,3734,0,2293,25649,4322,15323,63,3509,0,3434
"174","2427325","Fairlee CDP",239,187,35,0,0,0,0,519,209,247,0,0,0,7
"175","2427375","Fairmount CDP",492,287,89,0,0,0,0,412,246,73,0,61,0,0
"176","2427400","Fairmount Heights town",1292,143,1053,0,21,0,161,1381,51,1133,1,26,0,173
"177","2427425","Fairplay CDP",551,503,0,0,48,0,0,470,470,0,0,0,0,0
"178","2427500","Fairview CDP",0,0,0,0,0,0,0,16,16,0,0,0,0,0
"179","2427580","Fairwood CDP",4650,607,3401,49,452,0,97,6780,459,5540,0,629,0,161
"180","2427700","Fallston CDP",8062,7790,57,0,149,0,21,9118,8614,188,0,58,0,290
"181","2427900","Federalsburg town",2755,1477,1037,0,23,0,78,2668,1168,1280,54,0,0,145
"182","2428075","Ferndale CDP",17104,13134,2486,33,591,0,1065,17732,11181,4112,19,207,0,1597
"183","2428275","Finzel CDP",527,527,0,0,0,0,0,869,869,0,0,0,0,0
"184","2428300","Fishing Creek CDP",80,72,0,0,0,8,0,202,202,0,0,0,0,0
"185","2428425","Flintstone CDP",136,136,0,0,0,0,0,198,198,0,0,0,0,0
"186","2428640","Forest Glen CDP",6182,3216,1340,38,559,0,1145,5957,3163,956,24,664,0,1196
"187","2428725","Forest Heights town",2152,254,1542,0,179,0,185,2739,496,1629,18,28,0,752
"188","2429000","Forestville CDP",12297,884,10825,39,67,0,672,11224,554,9962,0,130,0,669
"189","2429400","Fort Meade CDP",10910,7222,2644,14,271,0,1499,11340,6172,2628,24,863,30,1645
"190","2429450","Fort Ritchie CDP",222,201,0,0,0,0,0,48,48,0,0,0,0,0
"191","2429525","Fort Washington CDP",25145,3780,17679,227,2043,0,1568,24468,2868,15150,9,2381,23,3720
"192","2429712","Fountainhead-Orchard Hills CDP",6006,5039,747,0,34,0,348,5964,5164,422,0,88,0,544
"193","2429790","Four Corners CDP",7998,5742,659,24,545,31,1942,8268,5239,1001,0,538,0,1517
"194","2430100","Franklin CDP",220,204,16,0,0,0,8,157,147,10,0,0,0,0
"195","2430325","Frederick city",63731,43866,11206,362,4478,103,7130,71843,46657,13325,165,3996,20,11937
"196","2430567","Frenchtown-Rumbly CDP",83,83,0,0,0,0,0,27,27,0,0,0,0,0
"197","2430575","Friendly CDP",9968,747,7604,0,929,0,766,9984,856,6247,382,570,0,1715
"198","2430650","Friendship CDP",412,412,0,0,0,0,0,343,294,49,0,0,0,0
"199","2430800","Friendship Heights Village CDP",5768,4803,221,0,450,0,490,4577,3472,213,87,513,0,636
"200","2430850","Friendsville town",541,538,0,0,0,0,0,430,411,0,1,0,0,15
"201","2430900","Frostburg city",8792,7514,962,15,76,0,164,8550,6943,1063,19,222,0,318
"202","2430950","Fruitland city",4704,2719,1711,0,109,0,88,5281,3276,1474,12,254,0,475
"203","2431025","Fulton CDP",1966,1424,79,0,280,0,88,4050,2087,504,26,1153,0,125
"204","2431100","Funkstown town",1372,1332,22,0,3,0,41,961,912,13,0,9,0,57
"205","2431175","Gaithersburg city",58169,31976,7493,108,11428,0,13781,67878,30365,12109,257,13776,81,17153
"206","2431225","Galena town",603,594,9,0,0,0,0,758,718,20,3,2,0,48
"207","2431250","Galestown town",57,57,0,0,0,0,0,72,70,2,0,0,0,0
"208","2431275","Galesville CDP",498,452,46,0,0,0,0,1262,1096,149,0,0,0,0
"209","2431350","Gambrills CDP",2575,2045,212,0,264,0,38,2929,2367,157,0,51,0,229
"210","2431400","Gapland CDP",131,99,0,32,0,0,32,60,60,0,0,0,0,0
"211","2431525","Garrett Park town",917,865,16,0,19,0,51,840,791,6,0,30,0,43
"212","2431575","Garretts Mill CDP",161,161,0,0,0,0,0,350,316,16,0,18,0,0
"213","2431625","Garrison CDP",7622,5352,1810,13,410,0,113,8794,4684,3264,0,317,0,464
"214","2431875","Georgetown CDP",254,40,214,0,0,0,0,23,23,0,0,0,0,0
"215","2432025","Germantown CDP",84847,42225,18306,328,15635,118,15863,89529,36890,21674,123,18057,0,21381
"216","2432175","Gilmore CDP",79,79,0,0,0,0,0,308,308,0,0,0,0,0
"217","2432250","Girdletree CDP",186,146,40,0,0,0,0,115,94,0,0,21,0,0
"218","2432350","Glassmanor CDP",17536,500,15792,0,436,0,1091,16305,813,11637,49,182,85,3668
"219","2432500","Glenarden city",6069,302,5528,0,239,0,242,6158,439,5171,0,21,0,764
"220","2432650","Glen Burnie CDP",65523,46941,12619,114,2644,0,4825,69649,42715,16970,185,3154,121,5773
"221","2432900","Glen Echo town",249,218,6,0,14,0,19,323,277,14,0,2,0,21
"222","2433250","Glenmont CDP",13458,4786,4088,0,1824,0,3457,15111,4477,3415,60,2213,0,5130
"223","2433400","Glenn Dale CDP",14129,4271,8650,57,646,0,1005,13722,2993,8314,0,949,10,1781
"224","2433850","Golden Beach CDP",3779,3433,105,30,96,0,48,3620,3269,212,0,33,0,101
"225","2433950","Goldsboro town",338,325,11,0,0,0,54,215,147,9,4,0,0,51
"226","2434150","Gorman CDP",79,79,0,0,0,0,0,195,195,0,0,0,0,0
"227","2434425","Grahamtown CDP",237,228,9,0,0,0,0,211,211,0,0,0,0,0
"228","2434525","Grantsville town",719,719,0,0,0,0,0,701,686,0,3,5,0,3
"229","2434550","Grasonville CDP",3114,2107,941,19,0,0,11,3578,2572,454,18,12,13,84
"230","2434775","Greenbelt city",22817,7773,11413,90,2429,0,2242,23253,6195,10581,101,2440,0,3997
"231","2435200","Greensboro town",2455,1981,234,0,6,0,221,2873,2422,189,3,2,0,506
"232","2435225","Greensburg CDP",171,171,0,0,0,0,8,126,126,0,0,0,0,0
"233","2436075","Hagerstown city",39546,29871,7186,116,490,47,1611,40027,27415,7348,72,885,96,3746
"234","2436125","Halfway CDP",10119,9155,424,58,175,0,306,10804,9358,483,16,65,0,392
"235","2436500","Hampstead town",6203,5626,227,0,282,0,319,6403,5662,122,29,398,0,116
"236","2436512","Hampton CDP",4888,4490,81,0,234,0,83,4706,4222,55,8,292,0,123
"237","2436600","Hancock town",1334,1205,106,6,10,0,0,1691,1615,10,0,21,0,0
"238","2437600","Havre de Grace city",12792,9611,2396,63,237,0,335,13808,10118,2386,32,246,26,762
"239","2437875","Hebron town",871,717,90,0,26,0,45,1019,833,119,0,2,0,103
"240","2437925","Henderson town",203,79,50,0,0,0,121,157,94,3,8,0,0,100
"241","2438025","Herald Harbor CDP",2244,2073,0,0,93,0,36,2414,2065,168,0,74,0,113
"242","2438437","Highfield-Cascade CDP",860,860,0,0,0,0,44,912,891,7,0,0,0,0
"243","2438475","Highland CDP",679,626,0,0,53,0,6,1086,697,18,0,355,0,24
"244","2438500","Highland Beach town",73,10,63,0,0,0,0,93,28,57,0,0,0,0
"245","2438850","Hillandale CDP",6405,2666,1118,201,839,0,2019,4737,1668,1339,0,413,3,1358
"246","2438975","Hillcrest Heights CDP",15910,900,14607,22,0,0,678,16498,792,14518,0,0,0,1195
"247","2439175","Hillsboro town",111,69,7,0,0,0,9,101,101,0,0,0,0,0
"248","2440700","Hughesville CDP",1739,1433,206,0,0,0,57,2525,1533,878,0,48,0,0
"249","2441037","Huntingtown CDP",3022,2635,331,0,20,0,221,NA,NA,NA,NA,NA,NA,NA
"250","2441125","Hurlock town",1989,1082,762,46,33,0,64,2390,1365,702,0,79,0,264
"251","2441175","Hutton CDP",10,10,0,0,0,0,0,65,65,0,0,0,0,0
"252","2441250","Hyattsville city",17254,6472,6106,33,802,0,5991,18267,5497,5600,71,1055,0,6371
"253","2441475","Ilchester CDP",22907,15434,2256,17,3667,0,1200,26873,17097,2654,7,4416,0,3320
"254","2441500","Indian Head town",3832,1559,1836,186,49,0,162,3803,1059,2271,18,199,8,148
"255","2441700","Indian Springs CDP",137,137,0,0,0,0,0,18,18,0,0,0,0,0
"256","2442325","Jarrettsville CDP",3152,2992,160,0,0,0,0,2827,2574,49,0,13,0,94
"257","2442350","Jefferson CDP",1869,1710,37,0,73,13,73,2577,2252,64,4,93,0,183
"258","2442450","Jennings CDP",271,271,0,0,0,0,0,170,170,0,0,0,0,0
"259","2442550","Jessup CDP",11078,3537,7083,37,79,15,181,10458,3726,5871,42,398,6,628
"260","2442575","Jesterville CDP",339,165,174,0,0,0,0,222,222,0,0,0,0,0
"261","2442875","Joppatowne CDP",12662,10176,2103,0,254,0,280,12833,10201,1896,28,205,0,442
"262","2442950","Jugtown CDP",363,336,0,0,15,0,0,240,207,0,0,0,0,0
"263","2443100","Keedysville town",1169,1016,63,13,7,0,32,1081,1003,20,1,7,0,16
"264","2443200","Kemp Mill CDP",12084,7402,2534,0,933,0,1437,14812,8639,3301,11,819,0,2191
"265","2443280","Kemps Mill CDP",81,81,0,0,0,0,0,0,0,0,0,0,0,0
"266","2443475","Kennedyville CDP",158,152,0,0,0,0,0,423,423,0,0,0,0,0
"267","2443500","Kensington town",1858,1604,122,16,59,0,82,2212,1518,216,0,262,0,345
"268","2443725","Kent Narrows CDP",589,568,0,0,21,0,6,506,506,0,0,0,0,0
"269","2443900","Kettering CDP",12545,439,11683,0,84,0,329,13302,665,11945,42,133,0,317
"270","2444325","Kingstown CDP",1811,1791,20,0,0,0,17,1853,1800,53,0,0,0,3
"271","2444350","Kingsville CDP",4690,4602,0,0,88,0,0,4649,4608,6,0,10,0,28
"272","2444450","Kitzmiller town",342,342,0,0,0,0,11,217,215,0,1,1,0,0
"273","2444525","Klondike CDP",282,282,0,0,0,0,0,157,157,0,0,0,0,0
"274","2444715","Konterra CDP",2168,805,1085,21,187,0,106,2368,490,1227,0,482,0,165
"275","2444817","Lake Arbor CDP",10309,166,9087,0,679,0,31,13720,907,12122,0,201,0,238
"276","2444975","Lake Shore CDP",18880,17841,312,13,112,0,384,18523,16532,636,110,351,0,862
"277","2445325","Landover CDP",23540,2605,19595,16,191,41,2705,22991,1328,17083,76,834,15,4212
"278","2445400","Landover Hills town",1876,889,664,5,40,0,909,2043,520,630,19,4,0,1198
"279","2445525","Langley Park CDP",18159,4131,3033,24,383,163,14034,19391,1240,2724,29,330,15,15997
"280","2445550","Lanham CDP",8931,1961,6005,47,264,0,1638,11054,1552,6115,0,443,32,3118
"281","2445650","Lansdowne CDP",8629,6159,1839,0,0,108,703,8635,5276,2160,0,103,0,1074
"282","2445750","La Plata town",8496,5552,2405,142,127,0,334,9516,5995,2854,8,411,0,322
"283","2445825","Largo CDP",11012,697,9890,0,236,0,338,11633,702,9867,23,280,0,595
"284","2445900","Laurel city",24433,8103,11648,69,1815,163,3651,25734,6055,13056,149,2131,0,4845
"285","2446075","La Vale CDP",3765,3535,11,0,105,14,12,4486,4232,19,6,66,0,133
"286","2446150","Layhill CDP",5678,2666,1599,0,790,0,1061,5112,1697,1951,0,696,0,1024
"287","2446250","Laytonsville town",290,273,17,0,0,0,2,480,308,75,0,60,0,62
"288","2446375","Leisure World CDP",8666,6673,1100,0,227,0,691,9314,6198,1802,10,938,0,618
"289","2446400","Leitersburg CDP",603,503,0,0,56,0,0,386,381,5,0,0,0,0
"290","2446475","Leonardtown town",2770,2056,541,0,52,0,86,3795,2780,331,2,194,0,521
"291","2446725","Lexington Park CDP",10882,6296,3053,97,450,35,727,12934,6752,4230,0,971,0,902
"292","2446800","Libertytown CDP",745,745,0,0,0,0,0,831,831,0,0,0,0,13
"293","2447040","Linganore CDP",8309,7555,156,64,196,0,441,9988,8680,544,6,250,0,329
"294","2447125","Linthicum CDP",10444,9639,426,0,246,0,47,10116,9318,421,13,210,0,225
"295","2447275","Little Orleans CDP",24,9,0,0,15,0,0,54,51,0,0,0,0,0
"296","2447450","Lochearn CDP",25720,3416,21449,95,478,0,909,25612,3052,20536,61,451,216,1240
"297","2447525","Loch Lynn Heights town",755,740,0,0,0,0,15,465,457,0,0,0,0,3
"298","2447875","Lonaconing town",1305,1303,0,2,0,0,2,1282,1250,4,0,0,0,32
"299","2448025","Long Beach CDP",1866,1577,224,0,12,0,128,1979,1866,69,0,0,0,169
"300","2448775","Luke town",85,83,0,0,0,0,8,90,89,1,0,0,0,0
"301","2448800","Lusby CDP",2325,1653,551,0,0,0,166,2180,1685,479,0,0,0,24
"302","2448875","Lutherville CDP",6227,5551,96,0,410,0,144,6715,5275,210,2,810,0,208
"303","2449325","McCoole CDP",369,369,0,0,0,0,0,515,515,0,0,0,0,0
"304","2449700","Madison CDP",267,199,68,0,0,0,0,163,142,15,0,0,0,9
"305","2449950","Manchester town",4597,4488,29,44,16,0,364,4752,4392,163,55,6,0,101
"306","2450375","Mapleville CDP",116,108,0,0,0,0,8,308,281,0,0,0,0,0
"307","2450525","Mardela Springs town",285,238,47,0,0,0,0,487,355,71,0,0,0,47
"308","2450680","Marlboro Meadows CDP",3631,295,3236,0,23,0,158,3705,311,2819,10,61,0,631
"309","2450685","Marlboro Village CDP",9365,808,8106,100,64,0,429,9505,853,8235,70,12,0,196
"310","2450750","Marlow Heights CDP",6344,633,5673,0,10,0,390,5872,270,5079,27,75,18,443
"311","2450775","Marlton CDP",9012,1596,7200,0,48,0,183,9270,957,7957,14,76,0,275
"312","2450965","Martin's Additions village",904,845,23,0,10,0,30,1089,1045,9,0,10,0,51
"313","2451025","Marydel town",300,121,54,0,13,0,173,241,205,0,0,0,0,171
"314","2451075","Maryland City CDP",15420,6365,5670,0,1413,0,1940,17681,7169,8310,41,821,0,2118
"315","2451425","Maugansville CDP",3059,2961,75,0,0,0,20,2148,1810,263,2,13,0,69
"316","2451575","Mayo CDP",7776,7531,136,47,0,0,76,7979,7558,135,0,80,0,159
"317","2451587","Mays Chapel CDP",11965,10238,312,15,1177,0,188,12229,9896,393,39,1688,0,376
"318","2451800","Mechanicsville CDP",1528,1472,56,0,0,0,5,1724,1499,167,0,0,0,45
"319","2451860","Melwood CDP",2852,890,1850,44,23,0,47,NA,NA,NA,NA,NA,NA,NA
"320","2451945","Mercersville CDP",77,77,0,0,0,0,0,188,188,0,0,0,0,0
"321","2452225","Middleburg CDP",131,131,0,0,0,0,0,0,0,0,0,0,0,0
"322","2452300","Middle River CDP",23799,17296,4686,48,582,0,1122,29665,17143,9115,71,1502,5,2125
"323","2452425","Middletown town",3894,3606,109,0,100,0,198,4694,3816,76,6,457,0,56
"324","2452475","Midland town",391,384,0,0,4,0,0,678,635,0,3,4,2,0
"325","2452525","Midlothian CDP",271,271,0,0,0,0,0,385,385,0,0,0,0,0
"326","2452562","Milford Mill CDP",28767,3521,23544,28,642,0,1211,30355,2994,25145,212,1042,0,1036
"327","2452825","Millington town",597,502,46,40,8,0,100,610,452,115,0,5,0,87
"328","2452975","Mitchellville CDP",11653,741,10156,0,300,0,334,11511,807,9504,9,194,0,491
"329","2453100","Monrovia CDP",460,393,24,0,14,0,0,1556,764,347,0,372,0,20
"330","2453325","Montgomery Village CDP",31714,15469,7834,30,3763,46,6739,34413,14531,8127,160,4721,0,11298
"331","2453625","Morningside town",1683,737,792,38,32,0,403,1132,337,617,9,4,0,243
"332","2453700","Moscow CDP",229,229,0,0,0,0,0,325,325,0,0,0,0,0
"333","2453750","Mount Aetna CDP",571,571,0,0,0,0,136,599,527,7,7,58,0,0
"334","2453800","Mountain Lake Park town",1860,1832,25,0,0,0,0,1975,1914,0,1,48,0,2
"335","2453875","Mount Airy town",8921,8109,275,0,333,0,126,9439,8239,384,29,181,0,660
"336","2453925","Mount Briar CDP",102,56,0,46,0,0,0,117,117,0,0,0,0,0
"337","2454125","Mount Lena CDP",444,434,0,0,10,0,0,355,338,0,0,0,6,68
"338","2454275","Mount Rainier city",8149,1845,4646,0,201,39,2210,8149,2044,3664,0,145,0,2645
"339","2454325","Mount Savage CDP",980,842,130,0,0,0,0,768,741,0,7,0,0,0
"340","2454375","Mount Vernon CDP",799,687,112,0,0,0,0,1016,864,37,0,70,0,0
"341","2454875","Myersville town",1820,1701,44,5,0,0,87,2225,1962,32,4,57,0,113
"342","2454925","Nanticoke CDP",167,73,94,0,0,0,0,228,180,48,0,0,0,0
"343","2454930","Nanticoke Acres CDP",0,0,0,0,0,0,0,34,34,0,0,0,0,0
"344","2455000","National CDP",30,30,0,0,0,0,0,62,62,0,0,0,0,0
"345","2455018","National Harbor CDP",3127,351,2093,0,467,0,169,3998,706,2078,0,488,0,728
"346","2455050","Naval Academy CDP",4168,3502,183,23,122,33,390,5609,3974,698,44,251,52,946
"347","2455325","Newark CDP",262,262,0,0,0,0,0,439,372,11,0,0,0,0
"348","2455400","New Carrollton city",12123,3540,6884,14,778,0,3447,12925,2001,7621,0,284,0,3547
"349","2455650","New Market town",555,517,3,0,8,0,26,1527,1414,32,0,20,0,192
"350","2455925","New Windsor town",1398,1315,58,0,8,0,68,1387,1273,24,0,28,0,53
"351","2455950","Nikep CDP",39,39,0,0,0,0,0,0,0,0,0,0,0,0
"352","2456300","North Beach town",1606,1285,160,20,7,0,80,2790,1934,593,0,108,0,193
"353","2456337","North Bethesda CDP",40489,29374,2829,126,5626,0,4724,49719,30410,5506,106,7561,2,7842
"354","2456375","North Brentwood town",555,58,339,0,18,0,200,713,65,374,3,7,0,295
"355","2456400","North Chevy Chase village",560,445,46,0,13,0,76,555,430,27,0,74,0,39
"356","2456450","North East town",3492,3282,155,0,21,0,57,3588,2793,640,0,22,0,198
"357","2456712","North Kensington CDP",9623,5973,1090,86,738,0,2551,8879,5534,996,26,529,2,2042
"358","2456725","North Laurel CDP",4076,1719,1276,38,873,0,166,24856,9944,9141,93,3995,0,2136
"359","2456875","North Potomac CDP",25025,14074,1390,113,8816,27,886,24146,11536,1707,59,9257,0,1667
"360","2457650","Oakland town",1881,1774,0,10,0,0,10,2099,1991,45,4,23,0,36
"361","2458215","Ocean CDP",0,0,0,0,0,0,0,0,0,0,0,0,0,0
"362","2458225","Ocean City town",7194,7052,11,0,38,0,204,6957,6709,50,36,11,0,506
"363","2458275","Ocean Pines CDP",11025,10619,171,30,135,0,101,12950,11596,425,7,372,0,464
"364","2458300","Odenton CDP",35399,23205,7992,142,2168,0,1439,42258,25129,9217,48,2677,6,3928
"365","2458775","Oldtown CDP",35,35,0,0,0,0,0,30,30,0,0,0,0,0
"366","2458900","Olney CDP",33167,24878,3324,0,3170,0,2383,35350,23218,4197,194,4520,0,3170
"367","2459325","Overlea CDP",12672,9780,2081,0,551,0,194,12063,7610,2899,0,385,0,989
"368","2459375","Owings CDP",2242,1833,369,0,0,0,27,2483,2252,153,0,0,0,68
"369","2459425","Owings Mills CDP",29734,11120,15263,120,2295,11,1981,34711,7803,21311,37,2597,0,2591
"370","2459450","Oxford town",603,594,0,0,0,0,3,827,704,43,0,7,0,93
"371","2459500","Oxon Hill CDP",18417,1934,13360,0,1035,0,2527,18049,1192,13302,95,724,0,2950
"372","2459787","Paramount-Long Meadow CDP",2648,2372,92,0,184,0,122,2834,2506,195,28,0,0,162
"373","2460275","Parkville CDP",30156,19079,9854,17,675,32,678,30459,17108,11228,52,662,27,1158
"374","2460325","Parole CDP",14894,12989,1172,10,532,9,348,17505,15525,1098,30,369,0,508
"375","2460425","Parsonsburg CDP",358,257,68,0,0,0,0,287,220,52,0,0,0,0
"376","2460475","Pasadena CDP",22189,18957,1678,21,662,16,640,29432,22589,3718,53,770,0,1837
"377","2460770","Pecktonville CDP",58,58,0,0,0,0,0,287,287,0,0,0,0,13
"378","2460950","Peppermill Village CDP",4842,160,4631,0,22,0,98,4861,219,4099,0,80,0,372
"379","2460975","Perry Hall CDP",28368,22966,2501,100,2459,0,495,27778,19271,3706,4,3550,10,1080
"380","2461075","Perryman CDP",2343,1797,383,0,64,0,38,2397,1407,845,0,15,0,174
"381","2461150","Perryville town",4311,3886,263,11,0,0,419,4424,3880,445,0,14,0,75
"382","2461400","Pikesville CDP",30720,23330,4437,100,1720,114,1135,32871,24826,5673,25,1263,35,1340
"383","2461700","Pinesburg CDP",543,531,0,0,12,0,0,255,255,0,0,0,0,0
"384","2461875","Piney Point CDP",913,860,37,0,16,0,0,1036,798,144,0,16,0,81
"385","2462025","Pittsville town",1494,1426,33,4,6,0,17,1742,1531,56,0,27,0,105
"386","2462100","Pleasant Grove CDP",555,555,0,0,0,0,0,339,339,0,0,0,0,0
"387","2462175","Pleasant Hills CDP",3561,3489,16,0,56,0,5,4017,3494,94,6,347,0,104
"388","2462475","Pocomoke City city",4216,1782,2371,0,10,0,0,4072,1978,1828,9,66,0,120
"389","2462575","Point of Rocks CDP",1347,1207,94,0,0,0,84,2067,1627,230,0,59,0,179
"390","2462675","Pomfret CDP",477,168,223,86,0,0,26,396,96,221,34,12,0,0
"391","2462775","Pondsville CDP",154,154,0,0,0,0,0,39,39,0,0,0,0,0
"392","2462850","Poolesville town",4889,4452,280,0,87,0,174,5228,4566,216,0,195,0,648
"393","2463075","Port Deposit town",621,543,65,6,7,0,3,624,490,86,0,0,0,40
"394","2463225","Port Tobacco Village town",20,13,7,0,0,0,0,4,4,0,0,0,0,0
"395","2463300","Potomac CDP",44785,33438,2740,0,7251,0,2827,46256,30768,2703,2,9636,31,4445
"396","2463375","Potomac Heights CDP",1268,1181,36,0,0,0,0,1247,1095,40,0,8,0,5
"397","2463425","Potomac Park CDP",3157,1624,1364,54,9,0,60,718,695,4,0,4,0,15
"398","2463725","Powellville CDP",66,66,0,0,0,0,0,109,56,53,0,0,0,0
"399","2463825","Preston town",512,428,21,0,13,0,2,861,759,57,0,0,0,32
"400","2463950","Prince Frederick CDP",2601,1829,595,0,59,0,44,2709,1437,822,4,169,0,294
"401","2464000","Princess Anne town",3140,1208,1676,0,0,0,20,3525,668,2759,4,8,0,349
"402","2464375","Pylesville CDP",588,588,0,0,0,0,12,1015,1015,0,0,0,0,0
"403","2464475","Quantico CDP",125,91,0,0,34,0,0,199,199,0,0,0,0,0
"404","2464495","Queen Anne CDP",1132,493,547,0,0,0,10,1183,565,592,0,0,0,169
"405","2464500","Queen Anne town",243,218,0,0,5,0,0,213,184,16,3,10,0,11
"406","2464535","Queenland CDP",2135,384,1666,0,0,0,44,NA,NA,NA,NA,NA,NA,NA
"407","2464600","Queenstown town",690,629,26,16,9,0,5,950,771,13,0,0,0,408
"408","2464950","Randallstown CDP",32570,4807,25855,94,744,18,546,35661,4798,28381,98,651,6,957
"409","2465150","Rawlings CDP",826,826,0,0,0,0,0,370,370,0,0,0,0,0
"410","2465312","Redland CDP",16938,8751,2664,85,3218,0,3912,17475,9126,1770,55,2905,46,5456
"411","2465550","Reid CDP",49,49,0,0,0,0,0,0,0,0,0,0,0,0
"412","2465600","Reisterstown CDP",26947,15798,7100,65,1894,52,2708,27804,13691,10146,31,2088,0,2366
"413","2466000","Ridgely town",2257,1884,243,7,0,55,68,1956,1547,288,0,20,0,216
"414","2466150","Ringgold CDP",293,293,0,0,0,0,0,90,90,0,0,0,0,0
"415","2466275","Rising Sun town",2651,2565,52,0,22,0,203,2790,2539,20,0,0,0,111
"416","2466400","Riva CDP",3927,3648,116,0,79,0,156,4321,4198,44,0,19,0,260
"417","2466635","Riverdale Park town",6893,3211,2451,12,219,12,2924,7216,1702,1503,100,113,0,4006
"418","2466762","Riverside CDP",6543,4561,1271,18,383,0,385,5888,3728,1429,0,222,6,418
"419","2466850","Riviera Beach CDP",11813,11175,309,23,89,0,209,12780,10924,834,0,286,0,154
"420","2467000","Robinwood CDP",8056,6529,1042,9,386,0,286,7482,5279,765,0,487,18,982
"421","2467400","Rock Hall town",1243,1044,176,0,13,0,5,1563,1295,193,2,1,1,18
"422","2467500","Rock Point CDP",71,29,42,0,0,0,0,63,53,10,0,0,0,0
"423","2467675","Rockville city",58300,38431,4855,137,10935,35,8197,68155,38236,7480,185,13507,0,10491
"424","2467950","Rohrersville CDP",346,346,0,0,0,0,0,280,280,0,0,0,0,0
"425","2468300","Rosaryville CDP",11479,1323,9499,0,144,0,367,11344,1005,8981,0,146,0,380
"426","2468400","Rosedale CDP",19044,11133,6010,64,897,0,522,19963,10495,7940,40,832,48,1335
"427","2468600","Rosemont village",384,378,0,0,0,0,0,325,319,5,1,0,0,3
"428","2468700","Rossville CDP",15072,8620,3943,43,1470,0,728,15993,7246,5940,0,1812,0,2026
"429","2469200","Sabillasville CDP",465,358,92,0,0,0,0,390,318,36,0,0,0,32
"430","2469425","St. George Island CDP",329,247,44,0,30,0,0,426,366,0,0,0,0,0
"431","2469550","St. James CDP",3056,2604,155,0,14,0,431,3567,2639,606,0,116,10,77
"432","2469675","St. Leonard CDP",918,775,131,0,12,0,11,549,540,9,0,0,0,62
"433","2469825","St. Michaels town",1093,799,228,0,5,0,69,1311,972,252,3,14,0,84
"434","2469925","Salisbury city",29343,16736,10110,168,824,11,1668,32850,16479,13093,83,1348,6,1715
"435","2470175","Sandy Hook CDP",104,104,0,0,0,0,0,193,193,0,0,0,0,0
"436","2470300","San Mar CDP",395,387,8,0,0,0,0,318,292,21,0,0,0,14
"437","2470475","Savage CDP",6789,3326,2528,14,663,0,308,6849,3768,2575,0,235,0,491
"438","2470530","Scaggsville CDP",22995,12738,5672,64,2856,0,1595,NA,NA,NA,NA,NA,NA,NA
"439","2470775","Seabrook CDP",15620,3246,9655,16,1149,0,2452,19020,1675,12109,19,1223,0,4734
"440","2470850","Seat Pleasant city",4612,37,4183,63,0,0,169,4753,194,3862,127,50,0,772
"441","2470900","Secretary town",667,622,0,0,8,0,80,497,447,3,0,3,0,58
"442","2471150","Severn CDP",41753,22600,13061,192,2856,133,2638,53374,25747,17340,47,5131,0,4081
"443","2471200","Severna Park CDP",37079,34238,1276,13,920,15,473,38729,34658,938,70,1308,0,1232
"444","2471450","Shady Side CDP",5885,4975,670,91,13,0,11,4885,4001,545,0,117,0,138
"445","2471460","Shaft CDP",128,116,12,0,0,0,7,291,291,0,0,0,0,0
"446","2471600","Sharpsburg town",661,658,3,0,0,0,16,708,693,0,0,1,0,11
"447","2471650","Sharptown town",865,803,0,0,9,0,0,687,649,28,0,0,0,10
"448","2472350","Silver Hill CDP",6104,263,5764,0,0,0,47,5155,98,4859,5,35,0,177
"449","2472450","Silver Spring CDP",70049,30725,19389,701,4719,82,19446,81069,32689,23383,214,5777,30,21087
"450","2472887","Smith Island CDP",207,207,0,0,0,0,0,261,261,0,0,0,0,0
"451","2472900","Smithsburg town",2861,2693,125,0,0,0,212,2977,2685,125,0,88,0,45
"452","2473075","Snow Hill town",2520,1597,887,10,8,0,55,2206,1340,736,0,0,0,9
"453","2473325","Solomons CDP",2009,1995,0,0,0,0,56,2470,2411,59,0,0,0,0
"454","2473350","Somerset town",1367,1288,13,0,40,0,38,952,886,23,0,31,0,85
"455","2473600","South Kensington CDP",8149,7073,462,13,277,0,337,8494,7052,372,7,389,12,447
"456","2473650","South Laurel CDP",25742,7116,15128,124,1242,26,3417,27593,4834,18054,41,1393,0,3831
"457","2474050","Spencerville CDP",1494,1031,310,0,0,0,204,1653,718,531,0,223,0,316
"458","2474282","Springdale CDP",2522,12,2385,18,81,0,18,4762,238,3827,64,69,0,738
"459","2474350","Spring Gap CDP",0,0,0,0,0,0,0,38,38,0,0,0,0,0
"460","2474560","Spring Ridge CDP",5867,5047,149,31,334,0,583,5612,4975,310,9,125,0,328
"461","2475025","Stevensville CDP",6813,6290,108,0,91,0,132,8145,7026,418,0,341,0,408
"462","2475200","Stockton CDP",81,81,0,0,0,0,0,59,26,15,0,0,0,0
"463","2475650","Sudlersville town",301,276,25,0,0,0,11,423,362,39,0,0,0,0
"464","2475725","Suitland CDP",25240,1176,23309,0,63,0,1235,25273,850,22152,0,213,0,2113
"465","2475810","Summerfield CDP",11134,274,9668,0,616,0,448,14477,474,12734,20,140,0,1347
"466","2476450","Swanton CDP",0,0,0,0,0,0,0,0,0,0,0,0,0,0
"467","2476550","Sykesville town",4454,4170,20,0,224,0,125,3948,3224,435,0,68,0,142
"468","2476650","Takoma Park city",16853,8879,6081,21,701,7,1914,17703,8188,6384,86,830,0,2012
"469","2476675","Tall Timbers CDP",347,347,0,0,0,0,0,570,509,34,0,27,0,0
"470","2476725","Taneytown city",6566,5998,447,0,0,0,124,6837,6263,430,14,57,0,128
"471","2476925","Taylors Island CDP",188,143,0,0,0,0,0,83,69,14,0,0,0,0
"472","2477100","Temple Hills CDP",7639,391,6931,0,90,0,193,8221,229,6731,58,26,0,1311
"473","2477200","Templeville town",178,90,0,0,0,0,129,170,57,0,19,0,0,131
"474","2477825","Thurmont town",6127,5719,167,10,41,0,139,6783,6307,73,0,0,0,403
"475","2477912","Tilghman Island CDP",656,636,0,20,0,0,0,831,823,0,0,0,0,55
"476","2477925","Tilghmanton CDP",587,587,0,0,0,0,0,355,355,0,0,0,0,0
"477","2478050","Timonium CDP",9773,8577,135,23,857,0,308,10642,8527,508,0,1239,0,191
"478","2478120","Tolchester CDP",457,457,0,0,0,0,0,435,275,108,0,0,5,21
"479","2478425","Towson CDP",54068,44300,4986,139,3066,7,2082,57542,42341,8536,126,3428,39,2766
"480","2478575","Trappe town",1182,872,287,0,0,0,89,1153,890,215,11,5,0,93
"481","2478650","Travilah CDP",12063,7455,625,0,3509,0,533,11239,6364,734,12,3603,0,322
"482","2478705","Trego-Rohrersville Station CDP",210,210,0,0,0,0,0,101,101,0,0,0,0,0
"483","2479225","Tyaskin CDP",227,227,0,0,0,0,0,170,170,0,0,0,0,0
"484","2479350","Union Bridge town",836,750,68,0,0,0,0,963,849,30,0,59,0,20
"485","2479675","University Park town",2528,2090,178,0,121,0,325,2653,1916,381,0,138,0,186
"486","2479875","Upper Marlboro town",739,217,421,0,14,0,65,586,182,396,0,0,0,0
"487","2479900","Urbana CDP",7294,4932,612,12,1206,0,712,12362,6897,1423,70,2332,0,1857
"488","2480075","Vale Summit CDP",120,120,0,0,0,0,0,137,137,0,0,0,0,0
"489","2480600","Vienna town",255,241,5,9,0,0,0,423,305,33,2,0,0,74
"490","2481175","Waldorf CDP",67143,27403,34111,238,2381,14,3339,77711,20696,47903,569,2628,31,6262
"491","2481250","Walker Mill CDP",11575,271,11000,0,63,0,154,9725,245,8788,85,113,0,482
"492","2481275","Walkersville town",5743,5070,218,164,85,0,303,6306,5268,352,51,260,0,490
"493","2481675","Washington Grove town",445,345,0,0,23,0,76,710,531,109,0,17,0,39
"494","2481925","Waterview CDP",55,55,0,0,0,0,0,21,21,0,0,0,0,0
"495","2482625","West Denton CDP",103,61,42,0,0,0,0,14,14,0,0,0,0,0
"496","2482750","Westernport town",2093,2090,0,0,0,0,3,1938,1900,2,0,15,0,7
"497","2483025","West Laurel CDP",4741,3167,695,0,334,0,778,4171,2512,605,0,471,0,371
"498","2483100","Westminster city",18591,16347,1598,20,146,0,960,18649,14976,1674,61,581,4,1201
"499","2483225","West Ocean City CDP",4541,4458,0,0,0,0,472,4661,4067,258,31,50,0,172
"500","2483290","Westphalia CDP",6095,921,4941,0,98,0,166,9269,1296,7335,23,84,0,931
"501","2483337","West Pocomoke CDP",447,340,107,0,0,0,0,458,294,164,0,0,0,0
"502","2483746","Whaleyville CDP",159,149,0,10,0,0,0,48,36,12,0,0,0,0
"503","2483775","Wheaton CDP",45079,17665,7977,110,5235,0,19001,51191,17768,8650,320,5847,175,22787
"504","2484225","Whitehaven CDP",95,95,0,0,0,0,0,168,168,0,0,0,0,0
"505","2484350","White Marsh CDP",9520,7732,800,12,683,0,267,9096,6478,1135,81,811,0,347
"506","2484375","White Oak CDP",16659,4153,8084,0,1971,0,2917,15655,3076,9438,24,1332,0,2700
"507","2484950","Willards town",1077,852,88,6,45,0,40,1034,869,49,0,4,0,108
"508","2485100","Williamsport town",2455,2267,117,0,6,0,10,2012,1766,146,11,9,0,50
"509","2485175","Williston CDP",192,192,0,0,0,0,0,174,174,0,0,0,0,0
"510","2485395","Wilson-Conococheague CDP",2256,2196,13,0,17,0,44,2014,1800,116,0,0,0,15
"511","2486275","Woodland CDP",111,111,0,0,0,0,0,31,31,0,0,0,0,0
"512","2486475","Woodlawn CDP (Baltimore County)",37978,9640,23764,85,2756,0,1831,41505,10145,23269,123,6014,251,3397
"513","2486525","Woodlawn CDP (Prince George's County)",6490,1585,3880,77,90,0,1919,6977,1637,2728,87,38,0,3635
"514","2486710","Woodmore CDP",3501,363,3055,0,83,0,28,4698,398,3942,0,157,0,130
"515","2486750","Woodsboro town",1101,995,0,5,8,0,81,1181,773,348,0,19,0,47
"516","2487000","Worton CDP",136,136,0,0,0,0,0,98,98,0,0,0,0,0
"517","2487150","Yarrowsburg CDP",158,158,0,0,0,0,0,274,274,0,0,0,0,0
"518","2487275","Zihlman CDP",361,361,0,0,0,0,0,347,340,0,0,0,0,16
"519","2400200","Abingdon CDP",NA,NA,NA,NA,NA,NA,NA,5324,2756,2090,0,189,0,119
"520","2406662","Bensville CDP",NA,NA,NA,NA,NA,NA,NA,13658,4360,7461,138,793,0,610
"521","2410737","Brown Station CDP",NA,NA,NA,NA,NA,NA,NA,3596,90,3243,0,172,0,81
"522","2411550","Burnt Mills CDP",NA,NA,NA,NA,NA,NA,NA,4083,1405,1375,0,209,0,1394
"523","2412175","Callaway CDP",NA,NA,NA,NA,NA,NA,NA,1320,1045,171,0,61,0,28
"524","2414550","Cedar Heights CDP",NA,NA,NA,NA,NA,NA,NA,1977,1,1908,0,0,0,68
"525","2416025","Chesapeake Landing CDP",NA,NA,NA,NA,NA,NA,NA,132,84,15,0,0,0,0
"526","2421150","Crumpton CDP",NA,NA,NA,NA,NA,NA,NA,324,313,0,0,0,0,31
"527","2424050","Dunkirk CDP",NA,NA,NA,NA,NA,NA,NA,2175,1986,73,9,45,0,100
"528","2428512","Flower Hill CDP",NA,NA,NA,NA,NA,NA,NA,14185,7233,2047,50,1524,1,5673
"529","2434350","Graceham CDP",NA,NA,NA,NA,NA,NA,NA,304,288,0,0,0,0,57
"530","2435412","Green Valley CDP",NA,NA,NA,NA,NA,NA,NA,12391,11030,196,3,382,30,831
"531","2440200","Honeygo CDP",NA,NA,NA,NA,NA,NA,NA,11558,7865,1219,0,1777,0,297
"532","2441025","Huntingtown CDP",NA,NA,NA,NA,NA,NA,NA,3029,2509,143,0,201,0,42
"533","2446650","Lewistown CDP",NA,NA,NA,NA,NA,NA,NA,410,410,0,0,0,0,0
"534","2447250","Lisbon CDP",NA,NA,NA,NA,NA,NA,NA,19,19,0,0,0,0,0
"535","2451125","Maryland Park CDP",NA,NA,NA,NA,NA,NA,NA,717,35,656,0,0,0,40
"536","2451940","Melwood CDP",NA,NA,NA,NA,NA,NA,NA,3923,555,2373,0,54,0,856
"537","2464568","Queensland CDP",NA,NA,NA,NA,NA,NA,NA,1792,210,1467,0,37,0,51
"538","2468265","Romancoke CDP",NA,NA,NA,NA,NA,NA,NA,1717,1652,18,0,0,0,0
"539","2470525","Scaggsville CDP",NA,NA,NA,NA,NA,NA,NA,9948,5567,1342,10,2206,0,352
"540","2475150","Still Pond CDP",NA,NA,NA,NA,NA,NA,NA,119,119,0,0,0,0,0
"541","2477262","Ten Mile Creek CDP",NA,NA,NA,NA,NA,NA,NA,1074,558,474,0,0,0,161
"542","2484784","Wildewood CDP",NA,NA,NA,NA,NA,NA,NA,6691,5676,416,0,146,21,635
